country	Canada
country	USA
country	Argentina
country	Asia
country	Austria
country	Croatia
country	Denmark
country	Democratic Republic of the Congo
country	Ecuador
country	Egypt
country	England
country	Georgia
country	Ghana
country	Iceland
country	Iran
country	Israel
country	Luxembourg
country	Norway
country	Panama
country	Peru
country	Brazil
country	Philippines
country	Sri Lanka
country	Turkey
country	Africa
country	Europe
country	North America
country	Oceania
country	South America
country	inde
country	états-unis
country	dominique
country	rép. dominicaine
country	suisse
country	royaume-uni
country	cuba
country	australie
country	puerto rico
country	émirat arabes unis
country	martinique
country	guadeloupe
country	mexique
country	costa rica
country	colombie
country	jamaìque
country	cameroun
country	thailande
country	afrique du sud
country	haiti
country	iles vierges (é-u)
country	guatemala
country	nouvelle-zélande
country	indonésie
country	aruba
country	pologne
country	republique tchèque
country	iles turques-caiques
country	zimbabwe
country	jordanie
country	argentine
country	sénégal
country	iraq
country	algerie
country	maroc
country	cambodge
country	Aargau
country	Aatalunya
country	Abruzzo
country	Afyon
country	Aichi
country	Aksaray
country	Alagoas
country	Alken
country	Amazonas State
country	Andalusia
country	Andel
country	Andenne
country	Anderlecht
country	Anhui
country	Ankara
country	Antioquia
country	Antwerp
country	Arizona
country	Asse
country	Ath
country	Athens
country	Auckland
country	Austria
country	Auvergne Rhone Alpes
country	Auvergne-Rhône-Alpes
country	Baden-Wuerttemberg
country	Bahia
country	Balikesir
country	Bangkok
country	Baranya
country	Barcelona
country	Basel
country	Basel-Stadt
country	Basque Country
country	Bavaria
country	Beersel
country	Beijing
country	Belgium
country	Beringen
country	Berloz
country	Bern
country	Bierbeek
country	Blegny
country	Blida
country	Bogota
country	Bonheiden
country	Boufarik
country	Bourgogne-France-Comté
country	Boussu
country	Boutersem
country	Braine-l alleud
country	Bratislava
country	Bree
country	Bretagne
country	British Columbia
country	Brussels
country	Budapest
country	Buryat Republic
country	California
country	Canakkale
country	Canary Islands
country	Castel di Sangro
country	Castilla La Mancha
country	Castilla Y León
country	Castilla y Leon
country	Catalunya
country	Central Hungary
country	Centre-Val de Loire
country	Chaineux
country	Charleroi
country	Chechen Republic
country	Chelyabinsk Region
country	Chiba
country	Chihuahua
country	China
country	Chongqing
country	Chungcheongnam
country	Comunitat Valenciana
country	Colfontaine
country	Connecticut
country	Copenhagen
country	Cork
country	Courcelles
country	Couthuin
country	Couvin
country	Croatia
country	Dakar
country	Dalhem
country	Deinze
country	Dendermonde
country	Denmark
country	Diamond Princess
country	Dilbeek
country	District of Columbia
country	Distrito Federal
country	Doha
country	Doornik
country	Drenthe
country	Dublin
country	Duesseldorf
country	Ellezelles
country	Elsene
country	England
country	Estado de Mexico
country	Eupen
country	Eskisehir
country	Espirito Santo
country	Estinnes
country	Etterbeek
country	Europe
country	Finland
country	Flanders
country	Flevoland
country	Florida
country	Fontaine-l Eveque
country	Frameries
country	France
country	Friesland
country	Friuli Venezia Giulia
country	Fujian
country	Galicia
country	Ganshoren
country	Gavleborgs lan
country	Gelderland
country	Genappe
country	Geneva
country	Gent
country	Georgia
country	Geraardsbergen
country	Germany
country	Ghent
country	Gierle
country	Gilgit Baltistan
country	Goiais
country	Grand Est
country	Grand Canary Islands
country	Grand Princess
country	Graubünden
country	Greater Accra
country	Grimbergen
country	Guangdong
country	Guayas
country	Gujarat
country	Gyeonggi
country	Halland
country	Hangzhou
country	Hasselt
country	Hauts de France
country	Havelange
country	Hawaii
country	Hawali
country	Helden
country	Helsinki
country	Hemiksem
country	Henan
country	Henri-chapelle
country	Herent
country	Herselt
country	Herstal
country	Herve
country	Holsbeek
country	Ho Chi Minh City
country	Hoegaarden
country	Hong Kong
country	Honnelles
country	Houthalen-Helchteren
country	Hubei
country	Huldenberg
country	Idaho
country	Ile De France
country	Illinois
country	Indiana
country	Iowa
country	Iran
country	Ireland
country	Ishikawa
country	Istanbul
country	Italy
country	Japan
country	Jiangsu
country	Jiangxi
country	Kalmthout
country	Kanagawa
country	Kansai
country	Kansas
country	Kanto
country	Karaman
country	Karnataka
country	Kastamonu
country	Kasterlee
country	Kathmandu
country	Kaulile
country	Kayseri
country	Keelung
country	Kerala
country	Kessel-Lo
country	Khabarovsk Region
country	Khyber Pakhtunkhwa
country	Kinshasa
country	Kochi
country	Knokke-Heist
country	Kocaeli
country	Komen
country	Konya
country	Kosice
country	Kostoliste
country	Kraainem
country	Krasnodar Region
country	Krasnoyarsk Region
country	Kuala Lumpur
country	Kuwait
country	KwaZulu-Natal
country	Kyoto
country	La Louviere
country	La Rioja
country	Lagos
country	Lanaken
country	Lapland
country	Lasne
country	Lazio
country	Leuven
country	Liège
country	Lima
country	Limburg
country	Limerick
country	Linter
country	Lipetsk Region
country	Lisbon
country	Lombardy
country	Louisiana
country	Louth
country	Lubbeek
country	Lucerne
country	Lummen
country	Luxembourg
country	Madrid
country	Malopolskie
country	Manitoba
country	Marche
country	Martin
country	Maryland
country	Massachusetts
country	Mbour
country	Medellin
country	Melbourne
country	Merelbeke
country	Mexico City
country	Michigan
country	Minas Gerais
country	Minnesota
country	Missouri
country	Mons
country	Montevideo
country	Montigny-le-Tilleul
country	Moscow
country	Moscow Region
country	Mouscron
country	Munich
country	Namur
country	NanChang
country	Nara
country	Nebraska
country	Netherlands
country	Nevada
country	Nevele
country	Nevsehir
country	New Brunswick
country	New Jersey
country	New Hampshire
country	New South Wales
country	New Taipei City
country	Newfoundland and Labrador
country	Nieuwerkerken
country	Nonthaburi
country	Normandie
country	Normandie
country	Norrbotten
country	North Brabant
country	North Carolina
country	North Holland
country	North Rhine Westphalia
country	Northern Territory
country	Northern Ireland
country	Nottinghamshire
country	Nova Scotia
country	Novosibirsk Region
country	Oevel
country	Ohio
country	Omsk Region
country	Ontario
country	Oostrozebeke
country	Orebro lan
country	Oregon
country	Orenburg Region
country	Osaka
country	Oslo
country	Ostergotland
country	Otago
country	Oudergem
country	Overijssel
country	Panama City
country	Pays de la Loire
country	Pelt
country	Pennsylvania
country	Perm Region
country	Pichincha
country	Pomorskie
country	Portugal
country	Primorskiy Region
country	Pskov Region
country	Puebla
country	Prague
country	Prince Edward Island
country	Quangning
country	Quaregnon
country	Queretaro
country	Queensland
country	Quevy
country	Quito
country	Ramat Gan
country	Ravels
country	Red River Delta
country	Republic of Buryatia
country	Republic of Crymea
country	Republic of Kabardino-Balkaria
country	Republic of Sakha
country	Republic of Tatarstan
country	Reykjavik
country	Rhode Island
country	Riemst
country	Rio de Janeiro
country	Rio Grande do Sul
country	Rixensart
country	Riyadh
country	Rome
country	Ronse
country	Saint-Ghislain
country	Saint-Petersburg
country	Saint-Saulve
country	Saitama
country	Sakarya
country	Sakhalin Region
country	Samara Region
country	Santa Catarina
country	Santiago
country	Sao Paulo
country	Saskatchewan
country	Schwyz
country	Scotland
country	Selangor
country	Seoul
country	Seraing
country	Schoten
country	Shandong
country	Shanghai
country	Sichuan
country	Sihanoukville
country	Siirt
country	Silly
country	Singapore
country	Sint-Agatha-Berchem
country	Sint-Genesius-Rode
country	Sint-Gillis-Waas
country	Sint-Niklaas
country	Sint-Pieters-Woluwe
country	Sint-Truiden
country	Småland
country	Soignies
country	Sormland
country	Soumagne
country	South Carolina
country	South Holland
country	South Korea
country	South Yorkshire
country	Spain
country	St-Louis
country	Stekene
country	Stockholm
country	Sud Kivu
country	Sverdlovsk Region
country	Switzerland
country	Taipei
country	Taiwan
country	Talca
country	Taoyuan
country	Tatarstan
country	Tbilisi
country	Teramo
country	Tervuren
country	Texas
country	Thanh Hoa
country	Theux
country	Thies
country	Ticino
country	Tielt-Winge
country	Tienen
country	Tilburg
country	Tipperary
country	Tokyo
country	Touba
country	Tournai
country	Tubize
country	Tver Region
country	UK
country	Ukkel
country	United Kingdom
country	Usti nad Labem
country	Utah
country	Utrecht
country	Vasterbotten
country	Varmland
country	Vaud
country	Veneto
country	Victoria
country	Vienna
country	Vilvoorde
country	Vinhphuc
country	Virginia
country	Vorst
country	Waasmunster
country	Wales
country	Walloon Brabant
country	Wanze
country	Waterloo
country	Watermaal-Bosvoorde
country	Washington
country	Wellington
country	Wervik
country	West Coast Region
country	Western Australia
country	Wevelgem
country	Wicklow
country	Wisconsin
country	Wyoming
country	Yunnan
country	Zhejiang
country	Zielonogorskie
country	Zinnik
country	Zolder
country	Zonhoven
country	Zoutleeuw
country	Zurich
country	Africa
country	Asia
country	Europe
country	North America
country	Oceania
country	South America
